ano,mes,tributo,decendio,arrecadacao_bruta,retificacao,compensacao,restituicao,outros,arrecadacao_liquida
2019,5,IR,1º decêndio,2450938810.8,705101.79,-21236820.22,-41855595.79,122520031.61,2511071528.19
2019,8,IR,1º decêndio,2232030395.6,2975016.73,-762291998.05,-32186694.32,98560003.48,1539086723.44
2019,7,IR,1º decêndio,3672859029.8,-2837780.65,-486239120.68,-38209692.02,121981345.15,3267553781.6
2019,9,IR,1º decêndio,2254011062.92,875056.89,54957578.41,-31114279.94,106692325.11,2385421743.39
2019,2,IR,1º decêndio,2023839261.98,10335406.17,393765785.37,-93572686.66,103296060.68,2437663827.54
2019,1,IR,1º decêndio,5635792580.98,,111504665.87,-6439339.11,62824531.47,5803682439.21
2019,3,IR,1º decêndio,1745368004.09,2937731.97,37570661.71,-17228249.59,44403213.64,1813051361.82
2019,6,IR,1º decêndio,8083441399.33,1279393.83,-1678661295.29,-17367199.13,91425493.39,6480117792.13
2019,4,IR,1º decêndio,3133382771.83,1325719.61,-445031500.29,-37703920.3,112094591.38,2764067662.23
2019,10,IR,1º decêndio,2362545422.26,1158988152.19,-180325707.19,-227333716.58,137018226.62,3250892377.3
2019,12,IR,1º decêndio,9408422490.54,-2101552.62,222380492.33,-72105304.33,137393131.72,9693989257.64
2019,11,IR,1º decêndio,3509106272.31,-3108478.51,207826720.13,-11637658.08,97914479.85,3800101335.7
2019,8,IR,2º decêndio,9695133330.16,-1009634.48,-598570392.65,-42169329.93,1019372728.27,10072756701.37
2019,6,IR,2º decêndio,10328259916.16,1667257.34,-821829801.32,-187714329.45,641265037.35,9961648080.08
2019,11,IR,2º decêndio,10328269897.44,-973420.23,-146963960.97,-14004970.34,898309650.04,11064637195.94
2019,5,IR,2º decêndio,10667008624.52,72622522.72,200602708.87,-51606506.69,967794832.87,11856422182.29
2019,7,IR,2º decêndio,10257398091.72,141845.73,1034305457.13,-5605211.92,525044078.42,11811284261.08
2019,12,IR,2º decêndio,14442112098.32,2574587.08,-280446644.42,-245651951.79,1161995427.88,15080583517.07
2019,10,IR,2º decêndio,10654452860.06,4091651.53,-296939359.23,-9522631.62,540469275.66,10892551796.4
2019,2,IR,2º decêndio,9811770404.39,1359326.57,82311428.8,-14685728.83,947567967.73,10828323398.66
2019,9,IR,2º decêndio,10104833106.69,-16591892.01,-612435555.84,-144320825.57,974393207.69,10305878040.96
2019,1,IR,2º decêndio,15469631285.7,10245773080.75,84285203.4,-102838658.28,-6573122759.31,19123728152.26
2019,4,IR,2º decêndio,12569129368.68,-50484131.87,147046870.81,-11985890.65,459375464.8,13113081681.77
2019,3,IR,2º decêndio,11538060802.9,7049544.25,473341722.47,-98682435.25,908282588.31,12828052222.68
2019,1,IR,3º decêndio,30839169440.9,-685075.85,-839059820.64,-727830703.83,906037792.39,30177631632.97
2019,9,IR,3º decêndio,14527630691.69,1649812.6,-645534105.77,-3834845800.46,376760933.37,10425661531.43
2019,8,IR,3º decêndio,19355857062.34,-10466662.58,-1833273690.27,-4082684217.56,376721834.31,13806154326.24
2019,6,IR,3º decêndio,14127851214.77,105131.91,-182272930.35,-5359154563.65,906587587.14,9493116439.82
2019,2,IR,3º decêndio,18218927398.59,-6665528.51,-1088864900.71,-545828285.04,351135873.86,16928704558.19
2019,4,IR,3º decêndio,26251296322.38,-12082962.83,-131853629.4,-647172560.31,804309863.99,26264497033.83
2019,11,IR,3º decêndio,20119543190.8,4674206.93,-1683032333.16,-2236906847.44,550039790.51,16754318007.64
2019,5,IR,3º decêndio,14301951995.81,13157502.0,367015601.98,-626608106.38,403507152.8,14459024146.21
2019,7,IR,3º decêndio,24936111930.29,-604086.24,-968293365.34,-5151484405.38,825999078.97,19641729152.3
2019,10,IR,3º decêndio,22497327365.17,17141277.3,32832917.19,-3587949146.03,851863204.57,19811215618.2
2019,12,IR,3º decêndio,14532441341.95,-724830.55,-717117139.71,-782652601.79,395817411.75,13427764181.65
2019,3,IR,3º decêndio,14218553904.61,22799695.15,455466246.06,-300378152.47,363330886.69,14759772580.04
2019,6,IPI,1º decêndio,919788514.5,-22514.93,22391965.22,-18216014.83,2619413.27,926561363.23
2019,9,IPI,1º decêndio,1108860608.82,66466.11,28746017.89,-25214707.34,38940539.64,1151398925.12
2019,11,IPI,1º decêndio,972364792.03,4320.38,-64199373.95,-8033067.96,3905660.3,904042330.8
2019,5,IPI,1º decêndio,957958891.62,417020.76,-27378913.84,-1395523.53,4679392.22,934280867.23
2019,4,IPI,1º decêndio,1041004094.9,9840950.81,-32002781.62,-5518746.28,3002599.21,1016326117.02
2019,12,IPI,1º decêndio,1096307551.02,242936.7,-78203298.39,-2857528.59,5136784.23,1020626444.97
2019,2,IPI,1º decêndio,846117580.21,1832646.16,-81701322.01,-21654.92,2969183.4,769196432.84
2019,10,IPI,1º decêndio,1188059306.35,32036255.93,-69236385.2,-7463168.7,4509070.07,1147905078.45
2019,7,IPI,1º decêndio,1027664970.95,679327.81,143610924.02,-6056185.58,5215168.92,1171114206.12
2019,8,IPI,1º decêndio,953668899.26,-167528.51,-54281295.04,-7387093.41,3231523.68,895064505.98
2019,1,IPI,1º decêndio,1184376191.13,,-22835343.52,-445212.05,3899508.36,1164995143.92
2019,3,IPI,1º decêndio,792597698.74,1038845.23,5999805.32,-5460343.68,2753363.85,796929369.46
2019,1,IPI,2º decêndio,505362810.07,1508551632.45,-91511158.02,-7933945.05,-1923033857.43,-8564517.98
2019,8,IPI,2º decêndio,653785193.63,40473.67,-29682260.66,-5198597.78,81802327.86,700747136.72
2019,12,IPI,2º decêndio,1308890309.33,732040.2,-21313917.2,-16729344.79,96744099.44,1368323186.98
2019,5,IPI,2º decêndio,542667314.97,177914.99,-62819916.65,-7638177.03,73273717.4,545660853.68
2019,2,IPI,2º decêndio,636136421.98,-111724.14,-59915844.65,-4456015.8,50000414.64,621653252.03
2019,7,IPI,2º decêndio,575968087.47,-19663.43,-91301585.61,-10682944.12,15983511.5,489947405.81
2019,6,IPI,2º decêndio,665664196.84,-97327.4,-47782797.53,-10362669.65,28589034.59,636010436.85
2019,9,IPI,2º decêndio,715484592.36,1026570.67,63459448.55,-12922295.04,77521178.64,844569495.18
2019,3,IPI,2º decêndio,725018802.99,159277.75,-71946973.32,-7996657.92,68133677.33,713368126.83
2019,11,IPI,2º decêndio,657015174.75,17607007.74,-49716646.11,-3611615.99,67823210.74,689117131.13
2019,4,IPI,2º decêndio,513245152.59,-426560.31,-147563736.81,-78615193.05,12075368.27,298715030.69
2019,10,IPI,2º decêndio,505982029.7,13647.19,-188985823.22,-93043.14,15645883.56,332562694.09
2019,6,IPI,3º decêndio,2864006603.58,-26728.2,-159590307.72,-10430691.46,139094076.33,2833052952.53
2019,2,IPI,3º decêndio,2671755120.04,-162355.67,41362110.7,-15684509.87,56696001.28,2753966366.48
2019,8,IPI,3º decêndio,2855974350.63,276475.39,75771839.33,-87638418.79,62897203.74,2907281450.3
2019,4,IPI,3º decêndio,3026504178.72,-35507.02,-336893922.12,-53961596.89,117627075.94,2753240228.63
2019,5,IPI,3º decêndio,3003874421.89,347933.65,-78074575.11,-112278348.31,62966833.37,2876836265.49
2019,9,IPI,3º decêndio,2840265411.5,-428458.84,2673532.06,-51217441.04,67559394.11,2858852437.79
2019,12,IPI,3º decêndio,2299742945.06,0.0,-161447451.0,-14973230.48,50159662.25,2173481925.83
2019,7,IPI,3º decêndio,2811106330.75,8502308.29,-466142097.35,-45182099.08,118175838.79,2426460281.4
2019,3,IPI,3º decêndio,2989251642.54,210961.81,-44879875.93,-35369781.66,98905350.25,3008118297.01
2019,1,IPI,3º decêndio,3124520357.2,23446.58,-176542912.08,-42858973.78,127922587.68,3033064505.6
2019,10,IPI,3º decêndio,3219142721.46,-4093619.73,-323076673.73,-54659736.95,126444271.47,2963756962.52
2019,11,IPI,3º decêndio,3217714771.37,-1973349.64,-281659862.1,-47847397.81,81050642.08,2967284803.9
2022,12,IR,1º decêndio,18361339543.36,-46738320.34,1279977375.21,-70404109.41,41802417.78,19565976906.6
2022,4,IR,1º decêndio,4468306375.07,1347620.9,412876114.26,-174052826.65,51067370.63,4759544654.21
2022,2,IR,1º decêndio,4083771367.6,8537448.08,970884936.0,-182060666.31,51137724.31,4932270809.68
2022,5,IR,1º decêndio,3831088274.08,4289510.18,1136723881.97,-50441420.78,65207533.65,4986867779.1
2022,3,IR,1º decêndio,3790300230.0,35042512.2,-145780948.6,-12068064.51,53414652.95,3720908382.04
2022,11,IR,1º decêndio,4977835734.84,-466793.53,4569456926.6,-101008582.22,67598086.65,9513415372.34
2022,6,IR,1º decêndio,14798554335.81,5088888.26,828409731.65,-15004103.85,69169062.6,15686217914.47
2022,10,IR,1º decêndio,5255103391.08,254036877.31,178885022.84,-28728539.45,-11090488.27,5648206263.51
2022,8,IR,1º decêndio,4314016903.84,-27824891.75,972059079.33,-395449577.63,52049611.45,4914851125.24
2022,9,IR,1º decêndio,4643624081.05,1444789.32,-243883340.7,-69494409.88,53666729.74,4385357849.53
2022,7,IR,1º decêndio,5118007091.26,6956363.43,-5394876.68,-1055073075.31,53009047.91,4117504550.61
2022,1,IR,1º decêndio,5797483716.31,-3947483.88,51004475.66,-20958350.61,15318570.84,5838900928.32
2022,3,IR,2º decêndio,16765383009.97,8174119.84,-85436084.92,-28721467.68,411040460.37,17070440037.58
2022,5,IR,2º decêndio,17725545092.03,1028094.42,-13857527.4,-43535992.11,516089244.86,18185268911.8
2022,4,IR,2º decêndio,17970889699.93,-1520681.57,138874990.62,-67495659.99,588560523.73,18629308872.72
2022,8,IR,2º decêndio,15328869836.56,23577812.25,-1497244829.46,-13713648.32,484087632.78,14325576803.81
2022,6,IR,2º decêndio,15167106985.64,1390484.4,-263110523.02,-13616261.02,534816110.16,15426586796.16
2022,1,IR,2º decêndio,20498197565.28,-10520793.66,-248408192.1,-18342935.29,613371073.65,20834296717.88
2022,7,IR,2º decêndio,15893029071.0,-4300656.78,-245706780.57,-37208212.59,551319034.84,16157132455.9
2022,9,IR,2º decêndio,15687318109.2,2088091.78,-1151621569.73,-66580761.75,591683873.19,15062887742.69
2022,11,IR,2º decêndio,15161764412.68,4036179.16,-315857056.56,-183538228.07,466328193.82,15132733501.03
2022,12,IR,2º decêndio,17217128447.23,-6906456.18,-247513809.64,-67639708.13,625481548.21,17520550021.49
2022,10,IR,2º decêndio,18848750961.5,35427972.22,-694848694.16,-38049287.84,534291255.98,18685572207.7
2022,2,IR,2º decêndio,13818792741.62,3462332.53,-88437975.67,-23563225.29,451141234.37,14161395107.56
2022,11,IR,3º decêndio,31201401222.61,-7607873.43,-2250020247.72,-1612151313.09,877614506.95,28209236295.32
2022,1,IR,3º decêndio,57733002102.03,1990771.59,197058418.06,-611093138.1,125155503.26,57446113656.84
2022,8,IR,3º decêndio,32725188049.12,-38377449.84,-659162031.95,-7020745444.62,233688788.44,25240591911.15
2022,3,IR,3º decêndio,29880669065.39,310067.86,-447683725.27,-445992625.07,222220509.48,29209523292.39
2022,2,IR,3º decêndio,22788941760.84,647445.61,-48847005.99,-220207474.14,169742905.05,22690277631.37
2022,4,IR,3º decêndio,38612588328.92,3420044.22,318810511.54,-429549818.84,542937271.27,39048206337.11
2022,9,IR,3º decêndio,27131565302.31,-94653720.95,-1531952120.13,-2675410565.9,151967424.62,22981516319.95
2022,7,IR,3º decêndio,42944039547.04,-5528108.15,240431675.37,-6450943104.65,137200180.67,36865200190.28
2022,10,IR,3º decêndio,42782414394.58,28739039.05,-4113430596.04,-1190424902.87,118690086.25,37625988020.97
2022,6,IR,3º decêndio,33785925748.13,2740605.11,62999878.63,-6560912607.77,151291348.95,27442044973.05
2022,12,IR,3º decêndio,30118612970.53,11260903.71,-1291478915.89,-3036278429.23,231685027.33,26033801556.45
2022,5,IR,3º decêndio,32178278118.08,-26295816.05,-357948868.09,-6440674463.12,139026589.02,25492385559.84
2022,5,IPI,1º decêndio,1146737211.11,-64409.77,-358909947.76,-6999409.16,249241.69,781012686.11
2022,10,IPI,1º decêndio,1312453766.26,1232661.85,35897911.93,-4402069.85,-22970210.82,1322212059.37
2022,6,IPI,1º decêndio,1231681637.43,-115522.5,118543586.31,-9903325.81,407422.2,1340613797.63
2022,12,IPI,1º decêndio,1151933796.45,-14466034.54,-91308742.78,-7451159.8,-146494.95,1038561364.38
2022,1,IPI,1º decêndio,1612567638.77,168105.57,160849724.69,-3811793.19,280762.76,1770054438.6
2022,2,IPI,1º decêndio,1477952654.3,5999885.94,-272442140.71,-50429825.37,5049789.2,1166130363.36
2022,9,IPI,1º decêndio,1141206440.24,-90184.06,-46252472.88,-596748.59,236549.02,1094503583.73
2022,7,IPI,1º decêndio,1339579434.93,-770730.52,-174816928.23,-2589654.04,591522.14,1161993644.28
2022,3,IPI,1º decêndio,1306455589.8,-261929.4,86934161.2,-1157572.96,570880.59,1392541129.23
2022,8,IPI,1º decêndio,1246984688.58,61822.66,-1013430545.0,-1560977.01,426987.1,232481976.33
2022,11,IPI,1º decêndio,1543122333.19,206627.99,-194252121.77,-1103349074.77,388393.62,246116158.26
2022,4,IPI,1º decêndio,1071895782.58,14506.95,73220097.66,-3526289.63,-20884362.84,1120719734.72
2022,7,IPI,2º decêndio,995216115.5,27353.54,-300903465.7,-68896809.72,2375939.04,627819132.66
2022,11,IPI,2º decêndio,636572517.24,161110.84,-66311105.61,5918090.43,-774378.72,575566234.18
2022,12,IPI,2º decêndio,1119838324.29,2291226.83,-149307855.17,-829643.47,621948.39,972614000.87
2022,4,IPI,2º decêndio,1122004938.39,-71388.65,-106745940.51,-9875748.95,25418991.36,1030730851.64
2022,5,IPI,2º decêndio,821535654.96,-253432.89,-279259549.56,-91878577.18,710976.79,450855072.12
2022,8,IPI,2º decêndio,767596745.55,-4108177.94,322045944.16,-5322440.58,491571.31,1080703642.5
2022,6,IPI,2º decêndio,634142993.32,20611.8,51185855.14,-3196229.15,339459.42,682492690.53
2022,3,IPI,2º decêndio,580397711.6,2358480.32,-149423246.86,-11166586.07,321531.32,422487890.31
2022,9,IPI,2º decêndio,1017812304.13,2806496.92,16858087.51,-32667616.95,551614.59,1005360886.2
2022,1,IPI,2º decêndio,1184908031.69,2304372.48,-966468183.95,-7090570.16,1030618.7,214684268.76
2022,2,IPI,2º decêndio,788084639.21,-2638061.24,-284906993.19,-2346275.94,-65848.16,498127460.68
2022,10,IPI,2º decêndio,1079078121.67,15880883.03,-403978403.88,-29857432.79,-8286123.42,652837044.61
2022,2,IPI,3º decêndio,3320417629.87,-599233.8,1185872086.49,-69999394.08,30298710.88,4465989799.36
2022,8,IPI,3º decêndio,3070021849.73,1184098.9,56759349.77,-67801656.0,29728935.25,3089892577.65
2022,4,IPI,3º decêndio,2593276447.16,282634.22,-423398014.52,-37888318.62,31950179.32,2164222927.56
2022,1,IPI,3º decêndio,3942071958.57,-317362.46,-66216550.93,-25839039.96,30252884.14,3879951889.36
2022,6,IPI,3º decêndio,3056235761.0,-158195.19,172541989.6,-107381309.74,27825642.49,3149063888.16
2022,9,IPI,3º decêndio,3339566070.26,-120911.26,63554013.56,-110056768.88,28598176.96,3321540580.64
2022,5,IPI,3º decêndio,2816172332.27,-83718.48,52534241.42,-129870199.87,29646011.2,2768398666.54
2022,11,IPI,3º decêndio,3253603347.78,-115364.23,262992131.67,-91991775.56,36412479.55,3460900819.21
2022,12,IPI,3º decêndio,3069492927.13,-33316.23,-137167154.31,-93604921.2,-13377007.59,2825310527.8
2022,10,IPI,3º decêndio,3235367999.82,3382104.25,-176994010.74,-55480755.18,23467035.42,3029742373.57
2022,3,IPI,3º decêndio,3648241207.85,-242951.47,620756179.98,-61818992.56,29592289.36,4236527733.16
2022,7,IPI,3º decêndio,2938014808.92,119785.11,-214096752.99,-131784112.23,28522750.07,2620776478.88
2020,1,IR,1º decêndio,5145827478.41,-2841624.65,476559459.1,-35211772.38,67931887.95,5652265428.43
2020,1,IR,2º decêndio,15940523886.54,-1043437.29,-415207432.81,-4712860.38,1140198515.65,16659758671.71
2020,1,IR,3º decêndio,39006914607.15,-28398712.93,-637200168.23,-958587514.06,456732029.01,37839460240.94
2020,2,IR,2º decêndio,11084116193.26,2865747.81,-301959369.64,-37476145.57,997568278.25,11745114704.11
2020,2,IR,3º decêndio,14845870341.86,2542091.66,25663063.97,-386510668.77,338476842.6,14826041671.32
2020,2,IR,1º decêndio,2496042000.01,4926757.65,1061681815.5,-155391789.49,76561008.74,3483819792.41
2020,3,IR,2º decêndio,12204676560.33,-18419290.33,-76414675.08,-19625305.49,884142768.79,12974360058.22
2020,3,IR,1º decêndio,1882853192.32,-7850738.85,-145431064.73,-41826199.19,106382518.99,1794127708.54
2020,3,IR,3º decêndio,15526647926.2,404121.52,-2607023170.96,-340220021.48,297040259.29,12876849114.57
2020,4,IR,2º decêndio,12646119488.85,-55997776.25,315568838.73,-17120801.54,574519114.95,13463088864.74
2020,4,IR,1º decêndio,2518469833.99,377928250.06,17166943.45,-5777292.96,86005100.31,2993792834.85
2020,4,IR,3º decêndio,19548654142.13,25448606.45,-2755575448.95,-364651513.41,337706870.6,16791582656.82
2020,5,IR,1º decêndio,2127744049.17,624392.63,1301880258.26,-16843883.82,72200933.08,3485605749.32
2020,5,IR,3º decêndio,12183539246.93,1685129.65,-265432986.6,-2683816541.57,281468079.91,9517442928.32
2020,5,IR,2º decêndio,10002727583.03,28373868.23,54374231.32,-107634897.86,559892219.51,10537733004.23
2020,6,IR,3º decêndio,18627403288.2,-1038920.09,-142493355.8,-6012408907.56,384839597.74,12856301702.49
2020,6,IR,2º decêndio,9409578224.2,1947784.51,-40421223.04,-60079413.83,495430101.74,9806455473.58
2020,6,IR,1º decêndio,5383460341.31,-2526837.24,-54999897.35,-21342649.56,157580721.62,5462171678.78
2020,7,IR,1º decêndio,2851996373.49,-143184.78,-857537312.63,-47462323.61,118918849.46,2065772401.93
2020,7,IR,2º decêndio,9631543135.26,84710.11,-76359856.91,-665558612.35,1052497752.31,9942207128.42
2020,7,IR,3º decêndio,22369956457.3,-1460090.81,-2995973258.94,-5843789949.35,357744466.47,13886477624.67
2020,8,IR,3º decêndio,16610701075.43,11178942.69,-4170259726.84,-6061960185.66,425709433.16,6815369538.78
2020,8,IR,2º decêndio,9577992210.57,-4700664.64,-853738021.69,-81116589.47,1161848527.1,9800285461.87
2020,8,IR,1º decêndio,2368578948.37,7474999.86,66053190.05,-9455505.52,94887428.07,2527539060.83
2020,9,IR,2º decêndio,10145933994.0,-194395.96,-519830095.69,-44111630.14,580844188.05,10162642060.26
2020,9,IR,1º decêndio,2432781523.04,-385718.29,-16000341.42,-14978186.99,119133864.15,2520551140.49
2020,9,IR,3º decêndio,17935629956.4,-1423614.11,-1594190706.84,-4446348665.78,975821837.16,12869488806.83
2020,10,IR,2º decêndio,11442386182.13,-3777930.61,-724904565.35,-30285039.04,1219012186.15,11902430833.28
2020,10,IR,3º decêndio,26659874784.68,-6623836.88,-2339438666.28,-985499705.7,469622001.6,23797934577.42
2020,10,IR,1º decêndio,3067706218.85,2352293.87,-640374312.0,-47332930.21,118109338.36,2500460608.87
2020,11,IR,3º decêndio,21396667765.78,6718342.27,-1477732129.44,-532686155.98,525448748.26,19918416570.89
2020,11,IR,2º decêndio,10382527482.03,1522957.16,-987588608.12,-55714054.11,1144507559.45,10485255336.41
2020,11,IR,1º decêndio,2617062085.97,1683908.92,536777531.35,-40394384.9,99490873.87,3214620015.21
2020,12,IR,3º decêndio,20556434957.64,500703.66,-1165916751.33,-668469751.08,1134450098.61,19856999257.5
2020,12,IR,1º decêndio,6806216904.04,4952475.42,-367587022.7,-150827267.63,154400701.73,6447155790.86
2020,12,IR,2º decêndio,13721432002.44,-546641.76,-1486189055.42,-47875541.62,725283987.69,12912104751.33
2020,1,IPI,1º decêndio,1170011481.31,124655.41,-46785543.32,-3325.39,3333928.16,1126681196.17
2020,1,IPI,2º decêndio,557461150.13,-58288.85,-6798747.67,-320792.51,75633600.51,625916921.61
2020,1,IPI,3º decêndio,2914918589.13,93163.6,-527854391.25,-78204314.4,65182393.78,2374135440.86
2020,2,IPI,3º decêndio,2123820514.33,-74450.57,-33096007.99,-27487960.94,56427208.04,2119589302.87
2020,2,IPI,2º decêndio,1042063192.14,250889.47,-93577692.72,-25194216.36,67097638.79,990639811.32
2020,2,IPI,1º decêndio,995478985.36,-2349244.24,-109830869.09,-3216302.52,2156641.02,882239210.53
2020,3,IPI,1º decêndio,1194514393.79,53338.96,-86890115.01,-8737788.41,1156646.35,1100096475.68
2020,3,IPI,2º decêndio,720304852.21,372246.91,-74854220.33,-7992881.57,61860772.69,699690769.91
2020,3,IPI,3º decêndio,2275537081.67,-94821.59,-96260627.31,-10485145.2,31700787.6,2200397275.17
2020,4,IPI,1º decêndio,1039917390.66,-13616307.9,-56161039.57,-32378586.29,2249822.72,940011279.62
2020,4,IPI,3º decêndio,1988586365.53,-649726.16,289634196.08,-23285829.6,40444171.36,2294729177.21
2020,4,IPI,2º decêndio,511040581.65,-36544.27,-137858900.2,-8575544.98,12338060.73,376907652.93
2020,5,IPI,2º decêndio,795393690.59,69436.25,-138985743.33,-8134220.27,16043148.92,664386312.16
2020,5,IPI,3º decêndio,1602755248.92,-773.31,159252223.85,-24967885.86,32003555.55,1769042369.15
2020,5,IPI,1º decêndio,803578050.57,-93971.2,-256743090.1,-547932.76,1677051.82,547870108.33
2020,6,IPI,2º decêndio,478716425.74,-10390.39,-32016201.68,-3158133.66,12768838.13,456300538.14
2020,6,IPI,1º decêndio,953090313.58,-860521.34,-50533034.38,-4592612.42,31356201.53,928460346.97
2020,6,IPI,3º decêndio,2083698591.82,14479.83,22436849.39,-26862375.8,47169066.83,2126456612.07
2020,7,IPI,1º decêndio,1112099558.19,-25203776.84,31857005.65,-15853384.44,3921046.09,1106820448.65
2020,7,IPI,3º decêndio,2504365016.42,-1624890.06,-5361893.12,-15190564.53,45943601.5,2528131270.21
2020,7,IPI,2º decêndio,539371420.63,500808.61,-44973413.05,-31395495.31,91816133.68,555319454.56
2020,8,IPI,1º decêndio,1078025007.35,-1277680.79,-151250250.33,-10250226.46,4202969.84,919449819.61
2020,8,IPI,2º decêndio,783053911.93,-452824.37,58276008.91,-4985469.16,98101245.16,933992872.47
2020,8,IPI,3º decêndio,2999888565.47,-2917.52,239586832.27,-60866008.23,94240259.91,3272846731.9
2020,9,IPI,2º decêndio,610560082.29,8804.09,67641144.85,-16467797.99,22950695.89,684692929.13
2020,9,IPI,3º decêndio,3636805591.04,27991.51,119845787.12,-19247968.85,151909914.88,3889341315.7
2020,9,IPI,1º decêndio,1244462877.54,-150312.03,-41198309.91,-18381761.09,4412807.47,1189145301.98
2020,10,IPI,2º decêndio,866974776.47,-248486.18,-350905562.48,-4524370.77,123187781.59,634484138.63
2020,10,IPI,1º decêndio,1314701639.36,-41767.87,52116596.57,-4560964.85,4134028.99,1366349532.2
2020,10,IPI,3º decêndio,3684234454.57,40413.07,99355516.62,-26256847.84,66980414.13,3824353950.55
2020,11,IPI,3º decêndio,3979577897.89,464505.32,361532938.48,-23480730.7,80545281.14,4398639892.13
2020,11,IPI,1º decêndio,1456491884.44,-269400.86,-161703460.11,-6795302.82,4965839.94,1292689560.59
2020,11,IPI,2º decêndio,1295326259.93,307709.53,-106223473.76,-832162.17,151023424.81,1339601758.34
2020,12,IPI,3º decêndio,3921322875.47,45465.45,75136468.15,-24193310.62,170755176.03,4143066674.48
2020,12,IPI,1º decêndio,1434729602.72,40548.01,76658222.23,-10212253.94,8128669.36,1509344788.38
2020,12,IPI,2º decêndio,859693808.51,220559.62,41277212.96,-55279707.5,36820531.49,882732405.08
2024,1,IR,1º decêndio,9257135078.76,9294501.58,120778779.79,-29659667.56,24863659.1,9382412351.67
2024,1,IR,3º decêndio,68136233800.71,139127624.98,-1088431191.8,-1095911040.98,148656881.08,66239676073.99
2024,1,IR,2º decêndio,30325156478.81,-5469729.88,-429285973.39,-17858476.74,562979454.22,30435521753.02
2024,2,IR,3º decêndio,29406977213.85,-9470030.54,-938333241.92,-828746707.32,119918336.75,27750345570.82
2024,2,IR,1º decêndio,5563938697.89,10593645.38,2881358046.0,-21000231.47,152153511.46,8587043669.26
2024,2,IR,2º decêndio,20767791073.89,-11768517.95,-714210196.38,-5379522.86,623339082.6,20659771919.3
2024,3,IR,1º decêndio,3714220839.9,9708694.14,-151114952.65,-18297496.07,45497022.35,3600014107.67
2024,3,IR,3º decêndio,27722848742.82,17354106.91,-835331115.23,-571922392.74,1392332778.33,27725282120.09
2024,3,IR,2º decêndio,24219236626.22,3561182.0,-55652975.35,-13898291.72,955759606.67,25109006147.82
2024,4,IR,1º decêndio,5964899101.34,19296821.94,16374518.59,-135506940.08,52290070.53,5917353572.32
2024,4,IR,3º decêndio,41010541607.08,48258020.24,-872679329.6,-1034868668.11,213554592.33,39364806221.94
2024,4,IR,2º decêndio,25928479976.05,34397277.86,-146272704.08,-8914001.69,971728693.81,26779419241.95
2024,5,IR,3º decêndio,41413798847.53,70346241.36,779838768.67,-10133774703.62,314842635.63,32445051789.57
2024,5,IR,2º decêndio,24210587844.61,70557536.31,-34735189.96,-3455175.27,1241840550.55,25484795566.24
2024,5,IR,1º decêndio,5162364259.73,139708077.07,594947127.41,-30028239.68,119859869.2,5986851093.73
2024,6,IR,1º decêndio,16663483255.52,50863453.39,640141352.46,-14794682.87,99710855.16,17439404233.66
2024,6,IR,2º decêndio,23808904116.68,56862922.99,-260212792.51,-8766017.68,1571451040.23,25168239269.71
2024,6,IR,3º decêndio,25804645920.63,37320103.05,723466156.19,-11421435642.07,256043430.73,15400039968.53
2024,7,IR,2º decêndio,22531493483.0,75669731.69,-298232142.5,-37996025.71,802317650.1,23073252696.61
2024,7,IR,3º decêndio,41757408388.0,218868306.9,114067741.7,-8910171024.0,288488146.8,33468661559.85
2024,7,IR,1º decêndio,6167686405.0,21655338.7,1419222838.0,-14266867.91,271989191.5,7866286905.28
2024,8,IR,1º decêndio,5369959075.29,308466675.39,308617380.7,-18152712.79,382046961.96,6350937380.55
2024,8,IR,2º decêndio,21646786483.52,291197117.96,-1647636505.29,-67547878.55,688133895.23,20910933112.87
2024,8,IR,3º decêndio,29494795100.32,86906703.99,-3102671975.25,-7460747034.17,188018535.92,19206301330.81
2024,1,IPI,1º decêndio,1505063600.03,4936251.09,51760656.06,-21466906.83,513642.75,1540807243.1
2024,1,IPI,3º decêndio,4136888012.52,8220218.79,-653782479.19,-97154658.86,2171541.44,3396342634.7
2024,1,IPI,2º decêndio,738697189.89,1572664.8,-531811193.28,-8091517.4,713449.28,201080593.29
2024,2,IPI,2º decêndio,807107453.37,-1398827.59,891350.81,-469358.77,2673212.05,808803829.87
2024,2,IPI,1º decêndio,1286153472.77,202276.0,62519198.98,-11889580.35,28012363.34,1364997730.74
2024,2,IPI,3º decêndio,3395763898.34,672940.05,-133094317.25,-59069976.88,28113967.82,3232386512.08
2024,3,IPI,3º decêndio,3596160862.78,2721389.42,56376189.59,-87990123.93,34055139.32,3601323457.18
2024,3,IPI,2º decêndio,1042250549.88,446136.03,899825211.81,-6185928.0,80897627.54,2017233597.26
2024,3,IPI,1º decêndio,1164679461.14,1317042.22,137433426.86,-14063173.64,4917388.64,1294284145.22
2024,4,IPI,2º decêndio,811646149.25,-1654929.52,-480344972.82,-6554315.31,54126838.73,377218770.33
2024,4,IPI,3º decêndio,4050076919.84,5477034.86,-36188540.84,-88325100.59,29391443.31,3960431756.58
2024,4,IPI,1º decêndio,1596927680.07,78235197.69,16949211.75,-25689179.51,14197352.52,1680620262.52
2024,5,IPI,2º decêndio,840110885.37,6148433.38,-65446787.09,-33043135.9,143454190.31,891223586.07
2024,5,IPI,1º decêndio,1403434727.11,10381288.05,-323026248.9,-1413790.52,15428144.45,1104804120.19
2024,5,IPI,3º decêndio,3925390988.83,736621.4,797518505.34,-169623312.65,22072527.76,4576095330.68
2024,6,IPI,3º decêndio,4146179405.88,-3208115.41,-84415439.86,-147596297.62,24490909.21,3935450462.2
2024,6,IPI,1º decêndio,1292631176.47,-314802.0,119196612.04,-1431424.98,14530803.55,1424612365.08
2024,6,IPI,2º decêndio,1252452762.49,-95844.61,104893672.69,-1181673.85,127921470.25,1483990386.97
2024,7,IPI,3º decêndio,4252137993.87,30802154.2,2008963546.92,-74488153.78,28958865.8,6246374407.01
2024,7,IPI,1º decêndio,1646043130.68,3463257.92,651793685.61,-4437554.03,20520629.02,2317383149.2
2024,7,IPI,2º decêndio,816653322.16,31662923.47,-505917326.0,-4159687.08,24757818.31,362997050.86
2024,8,IPI,1º decêndio,1638331798.28,2238106.8,93614634.64,-1744191.16,7741603.38,1740181951.94
2024,8,IPI,3º decêndio,3927927892.55,9793441.74,400496522.5,-79872658.79,26446733.24,4284791931.24
2024,8,IPI,2º decêndio,1223428306.71,5523651.96,-239976380.84,-19075986.87,-3027687.82,966871903.14
2023,1,IR,2º decêndio,25260511089.49,593254634.54,12438433.34,-899370304.69,-44278359.08,25598466685.38
2023,1,IR,1º decêndio,9755840095.08,16678465.37,740992.05,-259942628.04,-5758588.69,10004121854.39
2023,1,IR,3º decêndio,63869605681.98,123996247.34,1103005.66,975113927.2,-945124124.47,63714516626.25
2023,2,IR,1º decêndio,5916939947.13,90187269.84,-12550349.08,1367442041.56,-22568185.04,4494429169.85
2023,2,IR,2º decêndio,15530584816.36,474674005.98,14517445.49,-744039082.52,-81486707.68,15866919155.09
2023,2,IR,3º decêndio,24818042301.66,192277407.96,-967497.81,-1728433679.36,-634270114.84,26989436185.71
2023,3,IR,3º decêndio,29242408562.58,1189458.56,-1697764276.74,-1112080005.99,155926879.94,26589680618.35
2023,3,IR,2º decêndio,19268252811.32,-13731083.46,-8611008.5,-145689050.61,508349858.32,19608571527.07
2023,3,IR,1º decêndio,4483250741.28,-50393510.33,980434015.58,-259572625.13,376453453.15,5530172074.55
2023,4,IR,2º decêndio,22687467083.82,30952252.69,353779648.04,-18164455.1,642487644.4,23696522173.85
2023,4,IR,1º decêndio,5707044054.77,277042.29,1503018698.18,-42977092.99,3636650.98,7170999353.23
2023,4,IR,3º decêndio,39569207537.13,5245376.15,-203099544.06,-1696858997.24,129244228.36,37803738600.34
2023,5,IR,2º decêndio,19478447046.5,3421609.86,-3289991.84,-133352461.77,501843776.3,19847069979.05
2023,5,IR,1º decêndio,5027436823.7,3528153.83,2160409764.82,-21344577.48,51750547.08,7221780711.95
2023,5,IR,3º decêndio,33341416674.42,3647644.12,-702876731.65,-8102472329.33,228142076.01,24767857333.57
2023,6,IR,1º decêndio,14840390689.18,-51697484.66,804634981.49,-167722367.39,48099960.71,15473705779.33
2023,6,IR,3º decêndio,25809604190.75,-1486031.29,-909615420.29,-7798590489.01,163242956.88,17263155207.04
2023,6,IR,2º decêndio,18314488823.59,111784233.0,-170967343.34,-126472890.9,895447861.61,19024280683.96
2023,7,IR,2º decêndio,19835272293.26,6879397.2,-498315527.19,-401743607.53,680403256.56,19622495812.3
2023,7,IR,3º decêndio,37489850945.65,5395645.72,-1169718026.14,-8096840937.71,141544548.45,28370232175.97
2023,7,IR,1º decêndio,6743490096.76,24896411.14,-317423747.9,-63752436.41,44034389.93,6431244713.52
2023,8,IR,2º decêndio,17500500898.29,-1103848.56,-1806132365.65,-37351822.45,532397669.1,16188310530.73
2023,8,IR,1º decêndio,4703277398.5,43459050.24,1667994154.54,-27249279.6,49651287.08,6437132610.76
2023,8,IR,3º decêndio,25944448801.97,34919579.41,-1639297994.68,-7799740115.51,220812993.51,16761143264.7
2023,9,IR,3º decêndio,23851571604.42,67389988.55,-1625001464.87,-3154441963.34,99443186.14,19238961350.9
2023,9,IR,1º decêndio,4802387186.35,52319406.98,-181975071.6,-32562941.96,10669515.97,4650838095.74
2023,9,IR,2º decêndio,20108233716.32,49472269.72,-1605088494.32,-33757888.32,2652746961.46,21171606564.86
2023,10,IR,2º decêndio,20369219137.83,29647663.73,-867417054.2,-439263585.07,608172207.74,19700358370.03
2023,10,IR,3º decêndio,40809908767.02,-1369092.37,-2026158546.53,-1425296793.92,94339898.56,37451424232.76
2023,10,IR,1º decêndio,6467333002.71,49846559.92,666615958.65,-9113197.42,29263622.28,7203945946.14
2023,11,IR,1º decêndio,5175993366.0,74807584.49,2442831730.11,-9636046.74,34098936.53,7718095570.39
2023,11,IR,2º decêndio,18334876476.78,874288.83,-1247123477.84,-42199722.71,607531257.86,17653958822.92
2023,11,IR,3º decêndio,27473394076.48,93576484.23,-348830774.97,-1101623472.53,156008888.06,26272525201.27
2023,12,IR,2º decêndio,24951894663.51,5837241.04,-1727244941.25,-153372941.25,1118598323.75,24195712345.8
2023,12,IR,3º decêndio,27469206975.6,-15288590.9,-721004223.02,-757818297.51,162203207.85,26137299072.02
2023,12,IR,1º decêndio,18551647293.22,31529951.84,77154150.12,-29580999.03,81931767.99,18712682164.14
2023,1,IPI,3º decêndio,2708429821.54,28123037.15,21230.5,-247333070.96,-87847520.71,3015466145.56
2023,1,IPI,1º decêndio,1404202993.13,125651.49,17343.94,-182400645.78,-1008122.69,1587468766.17
2023,1,IPI,2º decêndio,765932278.03,-448160.76,504212.48,-97295831.64,-5405514.05,868577572.0
2023,2,IPI,3º decêndio,3054887810.42,29996831.29,1309503.99,339032412.86,-135260991.19,2819810053.47
2023,2,IPI,2º decêndio,361708860.7,-441462.33,749831.17,-175233369.7,-22353436.55,558987298.11
2023,2,IPI,1º decêndio,492215072.46,-210987.13,3523310.07,-352152517.2,-13125943.97,854181210.69
2023,3,IPI,2º decêndio,772913814.61,1721002.51,-25102784.0,-3918508.37,316655.8,745930180.55
2023,3,IPI,1º decêndio,928169851.36,1558684.64,-289696687.12,-27648540.81,1670581.39,614053889.46
2023,3,IPI,3º decêndio,3236779329.58,-1318347.19,425789464.59,-210965157.46,24481176.42,3474766465.94
2023,4,IPI,2º decêndio,1078865115.68,-1706501.4,-367975885.66,-22414428.63,-2742694.67,684025605.32
2023,4,IPI,1º decêndio,732545277.35,332865.38,-174505019.03,-10557597.71,-37087.88,547778438.11
2023,4,IPI,3º decêndio,3134549225.53,-8055894.0,-118960674.27,-111534942.92,1140882.13,2897138596.47
2023,5,IPI,1º decêndio,923153020.65,16043.16,-99316845.07,-2047934.29,-2276264.84,819528019.61
2023,5,IPI,3º decêndio,3249175872.39,5910042.51,426402274.35,-134872416.43,27765522.51,3574381295.33
2023,5,IPI,2º decêndio,684503363.79,598512.74,-155280221.68,-21904481.02,7840162.44,515757336.27
2023,6,IPI,2º decêndio,889495152.17,593986.16,-60738679.9,-13010235.22,-10704815.06,805635408.15
2023,6,IPI,3º decêndio,3322208092.98,43307.98,126456970.04,-49301986.92,28873988.33,3428280372.41
2023,6,IPI,1º decêndio,738854952.69,222447.55,158248567.45,-67514.88,445301.25,897703754.06
2023,7,IPI,2º decêndio,970529319.16,185982.05,-510254018.42,-8311066.52,3689825.26,455840041.53
2023,7,IPI,3º decêndio,3150421364.65,23885.9,55426143.99,-141961848.73,28280168.18,3092189713.99
2023,7,IPI,1º decêndio,769102467.97,45457.44,145791243.66,-1946839.45,-2131998.52,910860331.1
2023,8,IPI,1º decêndio,843848851.11,138903.72,-83514268.57,-11779446.19,-4970889.76,743723150.31
2023,8,IPI,2º decêndio,590533724.91,-387568.19,-108281440.49,-45900059.39,-3868910.81,432095746.03
2023,8,IPI,3º decêndio,3506671500.69,2661302.04,161754962.94,-119863250.94,22960707.14,3574185221.87
2023,9,IPI,3º decêndio,3519415482.05,4694978.99,109288698.06,-74367570.95,11648139.82,3570679727.97
2023,9,IPI,2º decêndio,1096330696.82,-8660037.72,93293290.07,-8471277.71,222270262.0,1394762933.46
2023,9,IPI,1º decêndio,652245580.69,3994947.36,-82911606.08,-3461044.38,-7470618.58,562397259.01
2023,10,IPI,3º decêndio,3598443323.36,1966209.78,-550331107.49,-84035788.64,21627524.56,2987670161.57
2023,10,IPI,1º decêndio,885294274.16,4075591.86,784323822.07,-31694088.13,-11577521.03,1630422078.93
2023,10,IPI,2º decêndio,857897790.14,10205779.88,132345025.65,-17966981.6,-4335692.66,978145921.41
2023,11,IPI,3º decêndio,3894651431.88,17326950.8,-889650750.67,-118561546.17,18124928.1,2921891013.94
2023,11,IPI,2º decêndio,651747050.26,2782571.06,370826477.29,-1796369.01,-2553739.74,1021005989.86
2023,11,IPI,1º decêndio,968305122.01,7679519.7,90835339.1,-5271720.35,-7101937.56,1054446322.9
2023,12,IPI,1º decêndio,886352652.79,6959078.72,486987080.82,-1949056.35,4725754.9,1383075510.88
2023,12,IPI,2º decêndio,1370413368.78,2268918.01,-182744851.22,-33001759.25,50272518.81,1207208195.13
2023,12,IPI,3º decêndio,3761572053.08,2009363.99,-93991465.4,-106391069.32,31976033.78,3595174916.13
2021,4,IR,1º decêndio,2798778821.0,-554063.19,181614761.26,-34520892.96,30461947.44,2975780573.55
2021,6,IR,1º decêndio,6346890033.04,-1642043.14,316241130.43,-21951745.11,116677227.31,6756214602.53
2021,2,IR,1º decêndio,2732154934.89,-2228107.39,775617377.51,-35274862.86,88027905.17,3558297247.32
2021,3,IR,1º decêndio,2878817381.3,13026264.36,1343321880.89,-13529789.89,107322171.28,4328957907.94
2021,9,IR,1º decêndio,3078336036.67,13640234.03,421442461.07,-51665056.35,59926528.65,3521680204.07
2021,5,IR,1º decêndio,2552860953.11,-4762031.5,1562302761.91,-80767388.95,71869986.17,4101504280.74
2021,11,IR,1º decêndio,3294814998.85,-504786387.1,1383068000.85,-29070242.53,56211478.27,4200237848.34
2021,8,IR,1º decêndio,3727443526.92,-1546462.99,308299087.72,-163458092.5,69215167.42,3939953226.57
2021,10,IR,1º decêndio,3062821009.53,1745632.29,249520778.02,-33420907.11,51164788.76,3331831301.49
2021,1,IR,1º decêndio,4631967887.05,-29826832.9,-395833182.03,-10364335.7,58965490.44,4254909026.86
2021,12,IR,1º decêndio,9796824492.0,-11585402.42,1075552104.87,-19787816.8,72479863.92,10913483241.57
2021,7,IR,1º decêndio,3358307529.27,665624.91,-589625831.39,-36408351.28,107891798.8,2840830770.31
2021,7,IR,2º decêndio,12415336162.06,-15733488.84,41655031.24,-57939998.54,1450727786.57,13834045492.49
2021,12,IR,2º decêndio,17442210240.43,-1334467.34,-802059960.21,-71852744.02,574619709.55,17141582778.41
2021,10,IR,2º decêndio,13707523307.96,-328294.95,-958099263.36,-14619610.47,494288450.81,13228764589.99
2021,3,IR,2º decêndio,13094034479.31,-6594116.3,-78710531.62,-31866146.53,568540184.54,13545403869.4
2021,5,IR,2º decêndio,14062379041.8,-3149827.91,-250272796.99,-163628820.85,799495191.79,14444822787.84
2021,1,IR,2º decêndio,16332176607.11,3283415.56,29044312.73,-73175944.17,1261008131.78,17552336523.01
2021,8,IR,2º decêndio,12803033471.01,661518.09,-621665597.22,-26755320.31,542318118.76,12697592190.33
2021,4,IR,2º decêndio,14192619940.2,3618437.67,-368820034.25,-19586637.33,858734160.97,14666565867.26
2021,11,IR,2º decêndio,12812867041.64,5788096.64,-900490301.5,-33815843.04,458537541.39,12342886535.13
2021,9,IR,2º decêndio,12895917240.72,5185631.09,-688238398.45,-164611123.82,530377123.95,12578630473.49
2021,2,IR,2º decêndio,10911680893.95,9271451.81,-180995626.89,-27031941.5,576370612.04,11289295389.41
2021,6,IR,2º decêndio,11899349574.54,1290629.56,-578737074.84,-296859476.08,565902005.07,11590945658.25
2021,12,IR,3º decêndio,25490223955.22,-3050834.99,-155563453.42,-432285963.92,1029995462.44,25929319165.33
2021,11,IR,3º decêndio,26233323448.05,16846421.65,-1114651523.83,-729717695.4,199752577.07,24605553227.54
2021,8,IR,3º decêndio,23411280168.17,10727533.95,-1333296514.27,-5316054124.18,136397132.52,16909054196.19
2021,2,IR,3º decêndio,20523452219.83,1007201.43,-2696331524.46,-326039622.08,650041675.24,18152129949.96
2021,4,IR,3º decêndio,29921866554.38,1161860.63,-2566509393.53,-458964725.45,1560200982.18,28457755278.21
2021,9,IR,3º decêndio,23476244716.06,5256573.01,-2237173879.35,-665319915.56,173019781.84,20752027276.0
2021,1,IR,3º decêndio,44040532640.63,-11008300.92,-1029574324.59,-476049765.37,312029106.53,42835929356.28
2021,10,IR,3º decêndio,36515696083.3,190288.35,-1699377851.64,-858422106.14,140512761.12,34098599174.99
2021,5,IR,3º decêndio,28901060784.49,-948796.25,-351793260.64,-6805022301.13,252721408.17,21996017834.64
2021,7,IR,3º decêndio,34057637014.53,581570.82,-7692704.72,-6215506559.0,253727545.26,28088746866.89
2021,6,IR,3º decêndio,23175828070.63,5717633.64,-368699678.79,-6358571483.67,527302881.34,16981577423.15
2021,3,IR,3º decêndio,21603468012.6,-14217175.88,-1082489807.31,-907343880.99,678412961.88,20277830110.3
2021,10,IPI,1º decêndio,1253508951.1,8197.12,196588795.8,-619175.95,568324.75,1450055092.82
2021,4,IPI,1º decêndio,1334911414.63,54201.14,80395987.17,-8036404.71,2510088.54,1409835286.77
2021,9,IPI,1º decêndio,1399365517.66,153791.41,9569799.24,-7215512.57,571046.61,1402444642.35
2021,2,IPI,1º decêndio,1483793834.82,191608.69,-344141409.45,-6799743.44,4901850.41,1137946141.03
2021,3,IPI,1º decêndio,1499579354.35,-7008.47,141144640.08,-2826450.78,3214294.89,1641104830.07
2021,1,IPI,1º decêndio,1249523561.11,-9492.67,92179461.19,-5266635.28,3095525.47,1339522419.82
2021,12,IPI,1º decêndio,1629516164.63,-2738467.68,-1316939898.96,-2399631.79,536620.77,307974786.97
2021,11,IPI,1º decêndio,1727669116.34,560270.05,-141280958.15,-1797975.58,391615.65,1585542068.31
2021,5,IPI,1º decêndio,1239563321.06,-483238.98,-494719499.1,-5920320.6,2926485.03,741366747.41
2021,8,IPI,1º decêndio,1245265519.4,66996.3,-216878280.38,-1309613.34,1486615.72,1028631237.7
2021,7,IPI,1º decêndio,1152852246.72,-25311.62,31972832.26,-10413729.49,7270930.51,1181656968.38
2021,6,IPI,1º decêndio,1334341281.75,530308.31,-26079926.85,-2283003.6,5113077.69,1311621737.3
2021,9,IPI,2º decêndio,1165657282.72,-1560921.05,-74087658.01,-1993905.22,3953841.68,1091968640.12
2021,3,IPI,2º decêndio,976065582.62,843885.33,48699529.03,-4421611.31,20921989.96,1042109375.63
2021,7,IPI,2º decêndio,1004559811.33,-8918489.19,-326439499.25,-2785578.65,176584727.22,843000971.46
2021,12,IPI,2º decêndio,1477861973.89,201492.76,-8095501.22,-27459507.42,1645617.51,1444154075.52
2021,8,IPI,2º decêndio,1174816743.08,-1285626.32,-42156181.03,-9060179.67,1412633.14,1123727389.2
2021,11,IPI,2º decêndio,1137255933.92,74328.15,-260748351.85,-2345858.62,798967.61,875035019.21
2021,2,IPI,2º decêndio,751195865.2,723.08,-191935953.29,-3735156.42,14169439.27,569694917.84
2021,6,IPI,2º decêndio,716594329.41,449960.75,91058724.29,-1613398.92,19541008.53,826030624.06
2021,10,IPI,2º decêndio,1292097797.16,464616.25,-353131340.15,-4963175.56,313144.1,934781041.8
2021,1,IPI,2º decêndio,1111520060.28,68910.46,-434094438.0,-25977900.48,100881847.1,752398479.36
2021,5,IPI,2º decêndio,1045061390.12,331279.44,74509302.87,-3265285.33,52006081.97,1168642769.07
2021,4,IPI,2º decêndio,1022727091.89,181086.74,-280236339.34,-7101708.26,53086816.38,788656947.41
2021,7,IPI,3º decêndio,3408079634.89,710835.55,-298207295.22,-83294081.95,51019762.51,3078308855.78
2021,3,IPI,3º decêndio,3783824807.6,182980.9,419379.02,-25254386.75,116357029.91,3875529810.68
2021,6,IPI,3º decêndio,3620467032.33,105552.38,599003066.98,-112124366.46,88099231.52,4195550516.75
2021,9,IPI,3º decêndio,4138496864.79,964353.8,-92689252.84,-56271896.43,30772047.91,4021272117.23
2021,2,IPI,3º decêndio,3391701221.39,61082.43,-105830106.34,-20504078.42,107493709.17,3372921828.23
2021,10,IPI,3º decêndio,3962638458.93,-153128.89,-161170619.37,-156535608.24,31601860.78,3676380963.21
2021,5,IPI,3º decêndio,3198627486.78,-573864.08,13124959.38,-15317220.25,51945977.47,3247807339.3
2021,1,IPI,3º decêndio,3435730687.7,58324.24,-80926474.12,-16703951.41,54427232.96,3392585819.37
2021,11,IPI,3º decêndio,4372981112.07,-6321690.58,152196133.06,-29487562.46,32643464.63,4522011456.72
2021,12,IPI,3º decêndio,4142940722.72,206641.99,92791919.86,-55467261.82,35243618.04,4215715640.79
2021,4,IPI,3º decêndio,3327287280.18,164566.67,625977086.07,-52083226.9,59531244.1,3960876950.12
2021,8,IPI,3º decêndio,3588869836.17,119236.5,157014875.21,-46728204.9,29967803.92,3729243546.9
